,0,Name
2018-01-01,188757.24280258158,Alabama
2018-02-01,191576.97670494317,Alabama
2018-03-01,194159.11427413506,Alabama
2018-04-01,203549.9247769866,Alabama
2018-05-01,203693.7474034787,Alabama
2018-06-01,203962.7949849032,Alabama
2018-07-01,203582.87414834736,Alabama
2018-08-01,203868.38966613758,Alabama
2018-09-01,207794.88245058456,Alabama
2018-10-01,206039.6781644245,Alabama
2018-11-01,203936.74750814447,Alabama
2018-12-01,202749.43494878046,Alabama
2019-01-01,202531.55838804692,Alabama
2019-02-01,205576.04422321115,Alabama
2019-03-01,207842.5620147019,Alabama
2019-04-01,217444.100624971,Alabama
2019-05-01,217595.4513904303,Alabama
2019-06-01,217666.01207588846,Alabama
2019-07-01,217538.41506811295,Alabama
2019-08-01,217672.30125439545,Alabama
2019-09-01,221570.7983775164,Alabama
2019-10-01,219987.88493710457,Alabama
2019-11-01,217685.1455629184,Alabama
2019-12-01,216604.3728673951,Alabama
2020-01-01,216426.32654150226,Alabama
2020-02-01,219323.4429516752,Alabama
2020-03-01,221746.6469167783,Alabama
2020-04-01,231275.6171755216,Alabama
2020-05-01,231381.40520427286,Alabama
2020-06-01,231576.4032276288,Alabama
2020-07-01,231327.1830477828,Alabama
2020-08-01,231508.4043134104,Alabama
2020-09-01,235454.00715717007,Alabama
2020-10-01,233767.2333990227,Alabama
2020-11-01,231557.87881428993,Alabama
2020-12-01,230448.2053196512,Alabama
2021-01-01,230224.2743205266,Alabama
2021-02-01,233207.15345455517,Alabama
2021-03-01,235559.50029444293,Alabama
2021-04-01,245104.17087242572,Alabama
2021-05-01,245252.90411639705,Alabama
2021-06-01,245377.79413590502,Alabama
2021-07-01,245181.63030134866,Alabama
2021-08-01,245356.3692955292,Alabama
2021-09-01,249262.9323255921,Alabama
2021-10-01,247632.9165113544,Alabama
2021-11-01,245384.43354334115,Alabama
2021-12-01,244275.0157236668,Alabama
2022-01-01,244085.7819831945,Alabama
2022-02-01,247023.14560828469,Alabama
2022-03-01,249403.83510207108,Alabama
2022-04-01,258952.26230271094,Alabama
2022-05-01,259070.71774327246,Alabama
2022-06-01,259231.7628905859,Alabama
2022-07-01,259015.51684122795,Alabama
2022-08-01,259184.0979352935,Alabama
2022-09-01,263116.6774704663,Alabama
2022-10-01,261458.21816582917,Alabama
2022-11-01,259223.56730657213,Alabama
2022-12-01,258121.56088421048,Alabama
2023-01-01,257910.2701949507,Alabama
2023-02-01,260869.78709223497,Alabama
2023-03-01,263241.30950175796,Alabama
2023-04-01,272781.8680727194,Alabama
2023-05-01,272918.80072278186,Alabama
2023-06-01,273062.7741995857,Alabama
2023-07-01,272852.2676438064,Alabama
2023-08-01,273028.64156381803,Alabama
2023-09-01,276945.9114905304,Alabama
2023-10-01,275300.45739252,Alabama
2023-11-01,273062.5386601864,Alabama
2023-12-01,271953.1541055949,Alabama
2024-01-01,271754.41897057765,Alabama
2024-02-01,274704.1539645056,Alabama
2024-03-01,277077.2028723455,Alabama
2024-04-01,286624.5266375226,Alabama
2024-05-01,286751.2627582012,Alabama
2024-06-01,286902.4879092,Alabama
2024-07-01,286691.64529756084,Alabama
2024-08-01,286861.9655369285,Alabama
2024-09-01,290787.43754821806,Alabama
2024-10-01,289136.6979049744,Alabama
2024-11-01,286898.33464328287,Alabama
2024-12-01,285794.26234223717,Alabama
2025-01-01,285588.9916722783,Alabama
2025-02-01,288542.5008299126,Alabama
2025-03-01,290916.47487817734,Alabama
2025-04-01,300459.21221346816,Alabama
2025-05-01,300591.10624660744,Alabama
2025-06-01,300739.70547931123,Alabama
2025-07-01,300527.6724072989,Alabama
2025-08-01,300701.897365978,Alabama
2025-09-01,304623.3387648041,Alabama
2025-10-01,302974.3640198337,Alabama
2025-11-01,300737.30576337455,Alabama
2025-12-01,299629.9500962174,Alabama
2026-01-01,299427.7965030532,Alabama
2026-02-01,302380.1768157141,Alabama
2026-03-01,304752.83355930273,Alabama
2026-04-01,314298.30086634756,Alabama
2026-05-01,314427.8111204285,Alabama
2026-06-01,314577.07754765917,Alabama
2026-07-01,314366.3078143401,Alabama
2026-08-01,314538.28654491797,Alabama
2026-09-01,318461.52865894337,Alabama
2026-10-01,316812.21464280697,Alabama
2026-11-01,314573.98705146124,Alabama
2026-12-01,313468.46133522154,Alabama
2027-01-01,313264.9661888061,Alabama
2027-02-01,316217.45916357683,Alabama
2027-03-01,318591.1699307923,Alabama
2027-04-01,328135.1606694928,Alabama
2027-05-01,328265.6544806552,Alabama
2027-06-01,328414.9591224556,Alabama
2027-07-01,328203.258950143,Alabama
2027-08-01,328376.41787003033,Alabama
2027-09-01,332298.95261553617,Alabama
2027-10-01,330649.5052485601,Alabama
2027-11-01,328412.0850005346,Alabama
2027-12-01,327305.6249324101,Alabama
2028-01-01,327102.62649473426,Alabama
2028-02-01,330055.3076779572,Alabama
2028-03-01,332428.3281021507,Alabama
2028-04-01,341973.0513717345,Alabama
2028-05-01,342103.2071411083,Alabama
2028-06-01,342252.2971703621,Alabama
2028-07-01,342041.1797517293,Alabama
2028-08-01,342213.77020468225,Alabama
2028-09-01,346136.5251797879,Alabama
2028-10-01,344487.29930935195,Alabama
2028-11-01,342249.3927979207,Alabama
2028-12-01,341143.3690952123,Alabama
2029-01-01,340940.2364597988,Alabama
2029-02-01,343892.7021265269,Alabama
2029-03-01,346266.123986179,Alabama
2029-04-01,355810.5162533302,Alabama
2029-05-01,355940.74464643974,Alabama
2029-06-01,356090.0362284703,Alabama
2029-07-01,355878.59072585864,Alabama
2029-08-01,356051.42894490546,Alabama
2029-09-01,359974.15426542505,Alabama
2029-10-01,358324.7452792456,Alabama
2029-11-01,356087.10431837727,Alabama
2029-12-01,354980.89796137443,Alabama
2030-01-01,354777.76598218776,Alabama
2030-02-01,357730.39431963913,Alabama
2030-03-01,360103.6032751475,Alabama
2030-04-01,369648.1277869454,Alabama
2030-05-01,369778.3741847036,Alabama
2030-06-01,369927.5238708573,Alabama
2030-07-01,369716.2474504536,Alabama
2030-08-01,369888.992021563,Alabama
2030-09-01,373811.68819431204,Alabama
2030-10-01,372162.401092965,Alabama
2030-11-01,369924.62714440114,Alabama
2030-12-01,368818.48524058424,Alabama
2031-01-01,368615.3881991521,Alabama
2031-02-01,371567.91323228163,Alabama
2031-03-01,373941.225740667,Alabama
2031-04-01,383485.707582579,Alabama
2031-05-01,383615.9169636625,Alabama
2031-06-01,383765.1531653183,Alabama
2031-07-01,383553.79696590325,Alabama
2031-08-01,383726.56820816285,Alabama
2031-09-01,387649.30099468905,Alabama
2031-10-01,385999.9422270898,Alabama
2031-11-01,383762.22903711244,Alabama
2031-12-01,382656.0719931882,Alabama
2032-01-01,382452.94031640317,Alabama
2032-02-01,385405.5241100171,Alabama
2032-03-01,387778.7909330804,Alabama
2032-04-01,397323.2797958958,Alabama
2032-05-01,397453.5209146251,Alabama
2032-06-01,397602.7094068453,Alabama
2032-07-01,397391.3870632713,Alabama
2032-08-01,397564.15683056664,Alabama
2032-09-01,401486.8612316574,Alabama
2032-10-01,399837.54083303036,Alabama
2032-11-01,397599.8029771404,Alabama
2032-12-01,396493.6437759082,Alabama
2033-01-01,396290.5369977899,Alabama
2033-02-01,399243.090225247,Alabama
2033-03-01,401616.37465168914,Alabama
2033-04-01,411160.8679040544,Alabama
2033-05-01,411291.08753357525,Alabama
2033-06-01,411440.30014346464,Alabama
2033-07-01,411228.96556060173,Alabama
2033-08-01,411401.7297103958,Alabama
2033-09-01,415324.45240103133,Alabama
2033-10-01,413675.113160276,Alabama
2033-11-01,411437.38352268114,Alabama
2033-12-01,410331.23046402156,Alabama
2034-01-01,410128.1083109653,Alabama
2034-02-01,413080.67610633984,Alabama
2034-03-01,415453.95528375864,Alabama
2034-04-01,424998.4423447067,Alabama
2034-05-01,425128.67475457967,Alabama
2034-06-01,425277.8762267158,Alabama
2034-07-01,425066.54473873886,Alabama
2034-08-01,425239.314820548,Alabama
2034-09-01,429162.0269979632,Alabama
2034-10-01,427512.6961681557,Alabama
2034-11-01,425274.96496495744,Alabama
2034-12-01,424168.806419536,Alabama
2035-01-01,423965.6928294187,Alabama
2035-02-01,426918.254360711,Alabama
2035-03-01,429291.53404771315,Alabama
2035-04-01,438836.02605168096,Alabama
2035-05-01,438966.25155373954,Alabama
2035-06-01,439115.45761650434,Alabama
2035-07-01,438904.12632131914,Alabama
2035-08-01,439076.8920415876,Alabama
2035-09-01,442999.6097390506,Alabama
2035-10-01,441350.275609329,Alabama
2035-11-01,439112.5437711513,Alabama
2035-12-01,438006.3890088564,Alabama
2036-01-01,437803.27104951616,Alabama
2036-02-01,440755.8348965185,Alabama
2036-03-01,443129.1154727623,Alabama
2036-04-01,452673.6042428833,Alabama
2036-05-01,452803.83316961245,Alabama
2036-06-01,452953.03765772947,Alabama
2036-07-01,452741.70535171474,Alabama
2036-08-01,452914.47380106535,Alabama
2036-09-01,456837.18884152855,Alabama
2036-10-01,455187.8557364036,Alabama
2036-11-01,452950.1249396957,Alabama
2036-12-01,451843.96790077834,Alabama
2037-01-01,451640.8519804592,Alabama
2037-02-01,454593.4152043668,Alabama
2037-03-01,456966.69476836914,Alabama
2037-04-01,466511.1854175062,Alabama
2037-05-01,466641.4127979995,Alabama
2037-06-01,466790.61762200156,Alabama
2037-07-01,466579.28626191034,Alabama
2037-08-01,466752.0531759365,Alabama
2037-09-01,470674.76937342493,Alabama
2037-10-01,469025.4361327085,Alabama
2037-11-01,466787.70447710896,Alabama
2037-12-01,465681.5486806034,Alabama
2038-01-01,465478.4319076483,Alabama
,0,Name
2018-01-01,263350.021509385,Alaska
2018-02-01,267024.4362627049,Alaska
2018-03-01,268411.20690743317,Alaska
2018-04-01,274892.2492982404,Alaska
2018-05-01,277691.7223617688,Alaska
2018-06-01,275541.8264584954,Alaska
2018-07-01,274080.4521771752,Alaska
2018-08-01,274146.9501923868,Alaska
2018-09-01,274451.2225339766,Alaska
2018-10-01,273826.4877061604,Alaska
2018-11-01,272700.9041601044,Alaska
2018-12-01,268561.20852055505,Alaska
2019-01-01,263125.5548589281,Alaska
2019-02-01,265700.6115257351,Alaska
2019-03-01,268089.91519105644,Alaska
2019-04-01,273733.76365583745,Alaska
2019-05-01,277154.10796496284,Alaska
2019-06-01,274630.5621624157,Alaska
2019-07-01,273285.6530668894,Alaska
2019-08-01,273482.6908851071,Alaska
2019-09-01,273437.4873911439,Alaska
2019-10-01,273338.64386706986,Alaska
2019-11-01,271563.4510609809,Alaska
2019-12-01,268138.93555632874,Alaska
2020-01-01,261981.33757852353,Alaska
2020-02-01,265230.12288785604,Alaska
2020-03-01,267041.19983769517,Alaska
2020-04-01,273131.18141694955,Alaska
2020-05-01,276261.4107246858,Alaska
2020-06-01,273861.5756373015,Alaska
2020-07-01,272556.42268387665,Alaska
2020-08-01,272565.29417970293,Alaska
2020-09-01,272831.52135985205,Alaska
2020-10-01,272330.57605369,Alaska
2020-11-01,271011.12438703695,Alaska
2020-12-01,267115.5767086401,Alaska
2021-01-01,261407.62807349354,Alaska
2021-02-01,264260.5022142386,Alaska
2021-03-01,266387.83849566913,Alaska
2021-04-01,272259.2041155389,Alaska
2021-05-01,275501.1100229153,Alaska
2021-06-01,273097.07796188246,Alaska
2021-07-01,271696.2528030174,Alaska
2021-08-01,271886.07999621955,Alaska
2021-09-01,271906.0137576159,Alaska
2021-10-01,271693.29426293925,Alaska
2021-11-01,270068.5278540312,Alaska
2021-12-01,266471.08311540604,Alaska
2022-01-01,260494.2075407156,Alaska
2022-02-01,263568.690138156,Alaska
2022-03-01,265534.96997589763,Alaska
2022-04-01,271499.1520465672,Alaska
2022-05-01,274718.45277075673,Alaska
2022-06-01,272270.2871803993,Alaska
2022-07-01,270972.08144218894,Alaska
2022-08-01,271012.86104908364,Alaska
2022-09-01,271213.59849011735,Alaska
2022-10-01,270804.30560365703,Alaska
2022-11-01,269375.8849453191,Alaska
2022-12-01,265597.1223858818,Alaska
2023-01-01,259773.9620810872,Alaska
2023-02-01,262731.8961336584,Alaska
2023-03-01,264771.5037813285,Alaska
2023-04-01,270707.92465404805,Alaska
2023-05-01,273910.68575618975,Alaska
2023-06-01,271518.8450478102,Alaska
2023-07-01,270131.7140457442,Alaska
2023-08-01,270284.90417928563,Alaska
2023-09-01,270359.96096060314,Alaska
2023-10-01,270079.15573470376,Alaska
2023-11-01,268529.343666168,Alaska
2023-12-01,264856.23894340004,Alaska
2024-01-01,258949.96733038386,Alaska
2024-02-01,261963.8571539387,Alaska
2024-03-01,263976.8843675066,Alaska
2024-04-01,269910.6710460838,Alaska
2024-05-01,273142.9274560215,Alaska
2024-06-01,270698.9373100279,Alaska
2024-07-01,269381.0036018221,Alaska
2024-08-01,269454.42787079816,Alaska
2024-09-01,269613.0201331495,Alaska
2024-10-01,269251.49177773617,Alaska
2024-11-01,267773.70620467473,Alaska
2024-12-01,264042.0656225994,Alaska
2025-01-01,258177.4168728877,Alaska
2025-02-01,261168.49044656623,Alaska
2025-03-01,263185.19256940664,Alaska
2025-04-01,269133.311232389,Alaska
2025-05-01,272335.6384160718,Alaska
2025-06-01,269933.76577677776,Alaska
2025-07-01,268565.6035936527,Alaska
2025-08-01,268692.9786281633,Alaska
2025-09-01,268798.243724454,Alaska
2025-10-01,268485.44063644775,Alaska
2025-11-01,266966.8692953683,Alaska
2025-12-01,263265.58269429096,Alaska
2026-01-01,257382.53299272788,Alaska
2026-02-01,260379.5474722966,Alaska
2026-03-01,262402.2980693511,Alaska
2026-04-01,268333.7195990515,Alaska
2026-05-01,271561.3471463191,Alaska
2026-06-01,269128.11471717845,Alaska
2026-07-01,267794.55829473137,Alaska
2026-08-01,267886.9325011832,Alaska
2026-09-01,268024.92304461973,Alaska
2026-10-01,267683.9716697132,Alaska
2026-11-01,266187.18485568254,Alaska
2026-12-01,262471.65208006854,Alaska
2027-01-01,256594.7911159097,Alaska
2027-02-01,259593.54704651964,Alaska
2027-03-01,261607.3423129957,Alaska
2027-04-01,267553.7251855555,Alaska
2027-05-01,270761.9573976061,Alaska
2027-06-01,268350.76361280953,Alaska
2027-07-01,266994.38332339225,Alaska
2027-08-01,267108.58632004453,Alaska
2027-09-01,267227.317050636,Alaska
2027-10-01,266901.79255965794,Alaska
2027-11-01,265394.2932703526,Alaska
2027-12-01,261684.29786438495,Alaska
2028-01-01,255807.1108191492,Alaska
2028-02-01,258801.34129381002,Alaska
2028-03-01,260823.81421778028,Alaska
2028-04-01,266758.3283298753,Alaska
2028-05-01,269980.489378602,Alaska
2028-06-01,267554.5097507476,Alaska
2028-07-01,266212.5933001347,Alaska
2028-08-01,266313.7222150508,Alaska
2028-09-01,266443.2531466163,Alaska
2028-10-01,266109.8496538778,Alaska
2028-11-01,264606.9290377009,Alaska
2028-12-01,260895.75739722053,Alaska
2029-01-01,255016.5063313924,Alaska
2029-02-01,258015.64633678485,Alaska
2029-03-01,260030.94458459763,Alaska
2029-04-01,265974.19002098235,Alaska
2029-05-01,269186.83681053884,Alaska
2029-06-01,266770.3786451973,Alaska
2029-07-01,265419.65258972085,Alaska
2029-08-01,265528.2669450386,Alaska
2029-09-01,265652.1038197061,Alaska
2029-10-01,265322.30542644963,Alaska
2029-11-01,263817.98665299686,Alaska
2029-12-01,260106.06348993804,Alaska
2030-01-01,254229.49836367415,Alaska
2030-02-01,257224.36337791773,Alaska
2030-03-01,259245.08585898217,Alaska
2030-04-01,265182.2519179666,Alaska
2030-05-01,268401.1261334115,Alaska
2030-06-01,265978.773360837,Alaska
2030-07-01,264633.1888090873,Alaska
2030-08-01,264737.7472185272,Alaska
2030-09-01,264864.3284678499,Alaska
2030-10-01,264533.207638206,Alaska
2030-11-01,263028.79444141535,Alaska
2030-12-01,259318.2709352366,Alaska
2031-01-01,253439.20281016245,Alaska
2031-02-01,256437.40390123177,Alaska
2031-03-01,258454.27042561327,Alaska
2031-04-01,264395.4829906081,Alaska
2031-05-01,267610.43957110157,Alaska
2031-06-01,265191.5894260623,Alaska
2031-07-01,263843.1509683319,Alaska
2031-08-01,263949.74704092793,Alaska
2031-09-01,264075.20043851924,Alaska
2031-10-01,263744.2796399477,Alaska
2031-11-01,262240.54089644656,Alaska
2031-12-01,258528.583847368,Alaska
2032-01-01,252651.54418689842,Alaska
2032-02-01,255647.3188466475,Alaska
2032-03-01,257666.79730826005,Alaska
2032-04-01,263605.42321991286,Alaska
2032-05-01,266822.74783490656,Alaska
2032-06-01,264401.91085182736,Alaska
2032-07-01,263054.95621567534,Alaska
2032-08-01,263160.64635856904,Alaska
2032-09-01,263286.402051172,Alaska
2032-10-01,262955.76088361174,Alaska
2032-11-01,261451.22460521088,Alaska
2032-12-01,257740.48461153227,Alaska
2033-01-01,251861.93116106212,Alaska
2033-02-01,254859.38022275228,Alaska
2033-03-01,256877.1618738602,Alaska
2033-04-01,262817.37730336044,Alaska
2033-05-01,266033.3317315045,Alaska
2033-06-01,263613.55838097486,Alaska
2033-07-01,262265.90432283416,Alaska
2033-08-01,262371.90375820186,Alaska
2033-09-01,262497.73485432676,Alaska
2033-10-01,262166.66765079944,Alaska
2033-11-01,260662.8500294168,Alaska
2033-12-01,256951.17457284627,Alaska
2034-01-01,251073.68680663334,Alaska
2034-02-01,254070.02998821557,Alaska
2034-03-01,256088.87129625806,Alaska
2034-04-01,262028.14984898368,Alaska
2034-05-01,265244.8567287311,Alaska
2034-06-01,262824.55853264726,Alaska
2034-07-01,261477.17889405476,Alaska
2034-08-01,261583.15657454653,Alaska
2034-09-01,261708.77375446315,Alaska
2034-10-01,261378.12261327016,Alaska
2034-11-01,259873.73309054866,Alaska
2034-12-01,256162.73072231706,Alaska
2035-01-01,250284.52693790445,Alaska
2035-02-01,253281.57186749935,Alaska
2035-03-01,255299.77760208133,Alaska
2035-04-01,261239.5824713713,Alaska
2035-05-01,264455.90395126666,Alaska
2035-06-01,262035.83154774777,Alaska
2035-07-01,260688.39099128864,Alaska
2035-08-01,260794.27227817607,Alaska
2035-09-01,260920.12428638036,Alaska
2035-10-01,260589.12781361007,Alaska
2035-11-01,259085.15991539977,Alaska
2035-12-01,255373.6970742777,Alaska
2036-01-01,249495.95499664356,Alaska
2036-02-01,252492.57191891782,Alaska
2036-03-01,254511.14214763168,Alaska
2036-04-01,260450.66885782243,Alaska
2036-05-01,263667.167538373,Alaska
2036-06-01,261247.02481875365,Alaska
2036-07-01,259899.55027076945,Alaska
2036-08-01,260005.55959844647,Alaska
2036-09-01,260131.2061157053,Alaska
2036-10-01,259800.47136448076,Alaska
2036-11-01,258296.20941202817,Alaska
2036-12-01,254585.0483825714,Alaska
2037-01-01,248707.02008397918,Alaska
2037-02-01,251703.88718695779,Alaska
2037-03-01,253722.25949676015,Alaska
2037-04-01,259661.92078284657,Alaska
2037-05-01,262878.3537143128,Alaska
2037-06-01,260458.2080315902,Alaska
2037-07-01,259110.7998674158,Alaska
2037-08-01,259216.68907777793,Alaska
2037-09-01,259342.49641817884,Alaska
2037-10-01,259011.57527663893,Alaska
2037-11-01,257507.50933016706,Alaska
2037-12-01,253796.15817970617,Alaska
2038-01-01,247918.30020385573,Alaska
,0,Name
2018-01-01,270071.9959500967,Arizona
2018-02-01,274953.61784990533,Arizona
2018-03-01,275039.11631089647,Arizona
2018-04-01,282028.9766474769,Arizona
2018-05-01,284521.3082846102,Arizona
2018-06-01,284015.79882395273,Arizona
2018-07-01,284011.70614515146,Arizona
2018-08-01,284008.7314181203,Arizona
2018-09-01,284906.53836986446,Arizona
2018-10-01,284994.9364886506,Arizona
2018-11-01,285003.7593393104,Arizona
2018-12-01,285002.89770104276,Arizona
2019-01-01,285074.26133887394,Arizona
2019-02-01,289955.4199918679,Arizona
2019-03-01,290040.57869742974,Arizona
2019-04-01,297030.1900268038,Arizona
2019-05-01,299522.33908170694,Arizona
2019-06-01,299016.6957847228,Arizona
2019-07-01,299012.5049819837,Arizona
2019-08-01,299009.45832327055,Arizona
2019-09-01,299907.21253967076,Arizona
2019-10-01,299995.5719986506,Arizona
2019-11-01,300004.3665071469,Arizona
2019-12-01,300003.4840912372,Arizona
2020-01-01,300074.8324967473,Arizona
2020-02-01,304955.97998286696,Arizona
2020-03-01,305041.1305018968,Arizona
2020-04-01,312030.73582967866,Arizona
2020-05-01,314522.8804847692,Arizona
2020-06-01,314017.23396225483,Arizona
2020-07-01,314013.0407948567,Arizona
2020-08-01,314009.9924025963,Arizona
2020-09-01,314907.74534812104,Arizona
2020-10-01,314996.1038754137,Arizona
2020-11-01,315004.89770088374,Arizona
2020-12-01,315004.01478424284,Arizona
2021-01-01,315075.3628226636,Arizona
2021-02-01,319956.5100396674,Arizona
2021-03-01,320041.6603614067,Arizona
2021-04-01,327031.26554455346,Arizona
2021-05-01,329523.41009361105,Arizona
2021-06-01,329017.7634933632,Arizona
2021-07-01,329013.57026897813,Arizona
2021-08-01,329010.5218349403,Arizona
2021-09-01,329908.2747498377,Arizona
2021-10-01,329996.63325467723,Arizona
2021-11-01,330005.4270636867,Arizona
2021-12-01,330004.5441349785,Arizona
2022-01-01,330075.8921645526,Arizona
2022-02-01,334957.0393750709,Arizona
2022-03-01,335042.1896920555,Arizona
2022-04-01,342031.7948717167,Arizona
2022-05-01,344523.939418219,Arizona
2022-06-01,344018.29281609785,Arizona
2022-07-01,344014.09959033935,Arizona
2022-08-01,344011.0511552947,Arizona
2022-09-01,344908.80406945397,Arizona
2022-10-01,344997.16257375246,Arizona
2022-11-01,345005.95638236526,Arizona
2022-12-01,345005.07345336623,Arizona
2023-01-01,345076.42148272705,Arizona
2023-02-01,349957.56869308907,Arizona
2023-03-01,350042.7190099591,Arizona
2023-04-01,357032.32418953633,Arizona
2023-05-01,359524.468735977,Arizona
2023-06-01,359018.8221338107,Arizona
2023-07-01,359014.6289080191,Arizona
2023-08-01,359011.5804729502,Arizona
2023-09-01,359909.3333870917,Arizona
2023-10-01,359997.6918913771,Arizona
2023-11-01,360006.48569998035,Arizona
2023-12-01,360005.6027709743,Arizona
2024-01-01,360076.95080033,Arizona
2024-02-01,364958.09801068826,Arizona
2024-03-01,365043.2483275556,Arizona
2024-04-01,372032.8535071307,Arizona
2024-05-01,374524.9980535699,Arizona
2024-06-01,374019.3514514025,Arizona
2024-07-01,374015.1582256101,Arizona
2024-08-01,374012.10979054065,Arizona
2024-09-01,374909.86270468176,Arizona
2024-10-01,374998.22120896686,Arizona
2024-11-01,375007.0150175699,Arizona
2024-12-01,375006.13208856364,Arizona
2025-01-01,375077.4801179193,Arizona
2025-02-01,379958.6273282774,Arizona
2025-03-01,380043.77764514467,Arizona
2025-04-01,387033.38282471977,Arizona
2025-05-01,389525.5273711589,Arizona
2025-06-01,389019.8807689916,Arizona
2025-07-01,389015.68754319916,Arizona
2025-08-01,389012.6391081296,Arizona
2025-09-01,389910.3920222707,Arizona
2025-10-01,389998.7505265558,Arizona
2025-11-01,390007.54433515883,Arizona
2025-12-01,390006.6614061526,Arizona
2026-01-01,390078.0094355082,Arizona
2026-02-01,394959.1566458664,Arizona
2026-03-01,395044.3069627336,Arizona
2026-04-01,402033.9121423087,Arizona
2026-05-01,404526.0566887479,Arizona
2026-06-01,404020.4100865805,Arizona
2026-07-01,404016.21686078806,Arizona
2026-08-01,404013.16842571856,Arizona
2026-09-01,404910.92133985966,Arizona
2026-10-01,404999.2798441447,Arizona
2026-11-01,405008.0736527477,Arizona
2026-12-01,405007.1907237415,Arizona
2027-01-01,405078.5387530971,Arizona
2027-02-01,409959.6859634553,Arizona
2027-03-01,410044.8362803225,Arizona
2027-04-01,417034.4414598976,Arizona
2027-05-01,419526.5860063368,Arizona
2027-06-01,419020.9394041694,Arizona
2027-07-01,419016.74617837695,Arizona
2027-08-01,419013.69774330745,Arizona
2027-09-01,419911.4506574485,Arizona
2027-10-01,419999.8091617336,Arizona
2027-11-01,420008.6029703366,Arizona
2027-12-01,420007.7200413304,Arizona
2028-01-01,420079.068070686,Arizona
2028-02-01,424960.2152810442,Arizona
2028-03-01,425045.3655979114,Arizona
2028-04-01,432034.9707774865,Arizona
2028-05-01,434527.1153239257,Arizona
2028-06-01,434021.4687217583,Arizona
2028-07-01,434017.27549596585,Arizona
2028-08-01,434014.22706089634,Arizona
2028-09-01,434911.9799750374,Arizona
2028-10-01,435000.3384793225,Arizona
2028-11-01,435009.1322879255,Arizona
2028-12-01,435008.2493589193,Arizona
2029-01-01,435079.5973882749,Arizona
2029-02-01,439960.7445986331,Arizona
2029-03-01,440045.8949155003,Arizona
2029-04-01,447035.5000950754,Arizona
2029-05-01,449527.6446415146,Arizona
2029-06-01,449021.9980393472,Arizona
2029-07-01,449017.80481355474,Arizona
2029-08-01,449014.75637848524,Arizona
2029-09-01,449912.5092926263,Arizona
2029-10-01,450000.8677969114,Arizona
2029-11-01,450009.6616055144,Arizona
2029-12-01,450008.77867650817,Arizona
2030-01-01,450080.1267058638,Arizona
2030-02-01,454961.273916222,Arizona
2030-03-01,455046.4242330892,Arizona
2030-04-01,462036.0294126643,Arizona
2030-05-01,464528.1739591035,Arizona
2030-06-01,464022.5273569361,Arizona
2030-07-01,464018.33413114364,Arizona
2030-08-01,464015.28569607413,Arizona
2030-09-01,464913.0386102152,Arizona
2030-10-01,465001.3971145003,Arizona
2030-11-01,465010.1909231033,Arizona
2030-12-01,465009.30799409706,Arizona
2031-01-01,465080.6560234527,Arizona
2031-02-01,469961.8032338109,Arizona
2031-03-01,470046.9535506781,Arizona
2031-04-01,477036.5587302532,Arizona
2031-05-01,479528.70327669237,Arizona
2031-06-01,479023.05667452497,Arizona
2031-07-01,479018.86344873253,Arizona
2031-08-01,479015.815013663,Arizona
2031-09-01,479913.5679278041,Arizona
2031-10-01,480001.9264320892,Arizona
2031-11-01,480010.7202406922,Arizona
2031-12-01,480009.83731168596,Arizona
2032-01-01,480081.1853410416,Arizona
2032-02-01,484962.33255139977,Arizona
2032-03-01,485047.482868267,Arizona
2032-04-01,492037.0880478421,Arizona
2032-05-01,494529.23259428126,Arizona
2032-06-01,494023.58599211386,Arizona
2032-07-01,494019.3927663214,Arizona
2032-08-01,494016.3443312519,Arizona
2032-09-01,494914.097245393,Arizona
2032-10-01,495002.4557496781,Arizona
2032-11-01,495011.2495582811,Arizona
2032-12-01,495010.36662927485,Arizona
2033-01-01,495081.7146586305,Arizona
2033-02-01,499962.86186898866,Arizona
2033-03-01,500048.0121858559,Arizona
2033-04-01,507037.617365431,Arizona
2033-05-01,509529.76191187016,Arizona
2033-06-01,509024.11530970276,Arizona
2033-07-01,509019.9220839103,Arizona
2033-08-01,509016.8736488408,Arizona
2033-09-01,509914.62656298187,Arizona
2033-10-01,510002.98506726697,Arizona
2033-11-01,510011.77887587,Arizona
2033-12-01,510010.89594686375,Arizona
2034-01-01,510082.2439762194,Arizona
2034-02-01,514963.39118657756,Arizona
2034-03-01,515048.5415034448,Arizona
2034-04-01,522038.1466830199,Arizona
2034-05-01,524530.291229459,Arizona
2034-06-01,524024.6446272916,Arizona
2034-07-01,524020.45140149916,Arizona
2034-08-01,524017.40296642965,Arizona
2034-09-01,524915.1558805708,Arizona
2034-10-01,525003.5143848559,Arizona
2034-11-01,525012.3081934588,Arizona
2034-12-01,525011.4252644526,Arizona
2035-01-01,525082.7732938082,Arizona
2035-02-01,529963.9205041664,Arizona
2035-03-01,530049.0708210337,Arizona
2035-04-01,537038.6760006088,Arizona
2035-05-01,539530.820547048,Arizona
2035-06-01,539025.1739448806,Arizona
2035-07-01,539020.9807190882,Arizona
2035-08-01,539017.9322840187,Arizona
2035-09-01,539915.6851981598,Arizona
2035-10-01,540004.0437024449,Arizona
2035-11-01,540012.8375110478,Arizona
2035-12-01,540011.9545820416,Arizona
2036-01-01,540083.3026113972,Arizona
2036-02-01,544964.4498217554,Arizona
2036-03-01,545049.6001386227,Arizona
2036-04-01,552039.2053181978,Arizona
2036-05-01,554531.349864637,Arizona
2036-06-01,554025.7032624696,Arizona
2036-07-01,554021.5100366772,Arizona
2036-08-01,554018.4616016077,Arizona
2036-09-01,554916.2145157488,Arizona
2036-10-01,555004.5730200339,Arizona
2036-11-01,555013.3668286368,Arizona
2036-12-01,555012.4838996306,Arizona
2037-01-01,555083.8319289862,Arizona
2037-02-01,559964.9791393444,Arizona
2037-03-01,560050.1294562117,Arizona
2037-04-01,567039.7346357869,Arizona
2037-05-01,569531.879182226,Arizona
2037-06-01,569026.2325800586,Arizona
2037-07-01,569022.0393542662,Arizona
2037-08-01,569018.9909191967,Arizona
2037-09-01,569916.7438333378,Arizona
2037-10-01,570005.1023376229,Arizona
2037-11-01,570013.8961462259,Arizona
2037-12-01,570013.0132172196,Arizona
2038-01-01,570084.3612465753,Arizona
,0,Name
2018-01-01,158758.67582455228,Arkansas
2018-02-01,158858.6625156385,Arkansas
2018-03-01,162711.63285721853,Arkansas
2018-04-01,167952.82089590395,Arkansas
2018-05-01,169520.41789251883,Arkansas
2018-06-01,170450.29848677933,Arkansas
2018-07-01,174901.0922488065,Arkansas
2018-08-01,171507.33862066365,Arkansas
2018-09-01,173255.354236031,Arkansas
2018-10-01,172598.60598905903,Arkansas
2018-11-01,171864.9032296034,Arkansas
2018-12-01,168877.7287441127,Arkansas
2019-01-01,168831.899988551,Arkansas
2019-02-01,169393.97433270345,Arkansas
2019-03-01,172775.39145566602,Arkansas
2019-04-01,176922.05623575245,Arkansas
2019-05-01,177489.06853634733,Arkansas
2019-06-01,178165.88184108058,Arkansas
2019-07-01,183274.46446025703,Arkansas
2019-08-01,181017.05084137985,Arkansas
2019-09-01,183636.11569289173,Arkansas
2019-10-01,183016.6572219,Arkansas
2019-11-01,181464.38025070296,Arkansas
2019-12-01,177339.98879207874,Arkansas
2020-01-01,176582.28134376602,Arkansas
2020-02-01,177321.83938741576,Arkansas
2020-03-01,181651.71215158404,Arkansas
2020-04-01,186895.9424167311,Arkansas
2020-05-01,187992.0193910611,Arkansas
2020-06-01,188285.22107055018,Arkansas
2020-07-01,192350.66412361967,Arkansas
2020-08-01,189074.01404531315,Arkansas
2020-09-01,191363.70246672718,Arkansas
2020-10-01,191318.08713457972,Arkansas
2020-11-01,190865.44307123031,Arkansas
2020-12-01,187646.4904921595,Arkansas
2021-01-01,187008.894305053,Arkansas
2021-02-01,187006.88019691766,Arkansas
2021-03-01,190220.41728832043,Arkansas
2021-04-01,194704.03677312215,Arkansas
2021-05-01,195891.28494347713,Arkansas
2021-06-01,197065.55237660417,Arkansas
2021-07-01,202224.07832948928,Arkansas
2021-08-01,199537.67608587962,Arkansas
2021-09-01,201530.44335474868,Arkansas
2021-10-01,200497.16898681663,Arkansas
2021-11-01,199013.3898988163,Arkansas
2021-12-01,195393.7412103905,Arkansas
2022-01-01,195246.01258251426,Arkansas
2022-02-01,196301.9082305342,Arkansas
2022-03-01,200448.5628830123,Arkansas
2022-04-01,205131.09912955132,Arkansas
2022-05-01,205655.07313931145,Arkansas
2022-06-01,205739.6328040147,Arkansas
2022-07-01,210095.24595997983,Arkansas
2022-08-01,207416.61235151262,Arkansas
2022-09-01,210220.5533461383,Arkansas
2022-10-01,210269.6147839301,Arkansas
2022-11-01,209431.34357789383,Arkansas
2022-12-01,205599.75203330736,Arkansas
2023-01-01,204523.45105848895,Arkansas
2023-02-01,204542.86672745808,Arkansas
2023-03-01,208222.71618799353,Arkansas
2023-04-01,213311.61076794646,Arkansas
2023-05-01,214847.20162767966,Arkansas
2023-06-01,215885.951452285,Arkansas
2023-07-01,220514.96674142548,Arkansas
2023-08-01,217252.13958042188,Arkansas
2023-09-01,218998.36082436235,Arkansas
2023-10-01,218208.63006165507,Arkansas
2023-11-01,217298.01029189044,Arkansas
2023-12-01,214205.7102442782,Arkansas
2024-01-01,214195.0470335052,Arkansas
2024-02-01,214909.21834231392,Arkansas
2024-03-01,218459.95851900437,Arkansas
2024-04-01,222682.481260424,Arkansas
2024-05-01,223182.57054934898,Arkansas
2024-06-01,223693.79828352493,Arkansas
2024-07-01,228646.60268090764,Arkansas
2024-08-01,226344.98511758426,Arkansas
2024-09-01,229060.00266958747,Arkansas
2024-10-01,228613.5727522041,Arkansas
2024-11-01,227198.12522920105,Arkansas
2024-12-01,223085.0509111677,Arkansas
2025-01-01,222206.09368890466,Arkansas
2025-02-01,222771.42565535597,Arkansas
2025-03-01,226988.08812344194,Arkansas
2025-04-01,232253.93575691592,Arkansas
2025-05-01,233491.965981678,Arkansas
2025-06-01,233954.37065156456,Arkansas
2025-07-01,238105.62650833765,Arkansas
2025-08-01,234775.5508179882,Arkansas
2025-09-01,236907.8641138277,Arkansas
2025-10-01,236704.04326806712,Arkansas
2025-11-01,236195.74521679257,Arkansas
2025-12-01,233059.77907802272,Arkansas
2026-01-01,232589.20590676175,Arkansas
2026-02-01,232728.88187125602,Arkansas
2026-03-01,235966.25721956033,Arkansas
2026-04-01,240340.60580600635,Arkansas
2026-05-01,241357.23838898932,Arkansas
2026-06-01,242411.2010583639,Arkansas
2026-07-01,247578.20989591608,Arkansas
2026-08-01,245023.18554419096,Arkansas
2026-09-01,247184.04311134902,Arkansas
2026-10-01,246245.63293353212,Arkansas
2026-11-01,244721.7014728153,Arkansas
2026-12-01,240953.48787370557,Arkansas
2027-01-01,240646.15598398636,Arkansas
2027-02-01,241635.73299461466,Arkansas
2027-03-01,245852.43651713256,Arkansas
2027-04-01,250695.2455335549,Arkansas
2027-05-01,251364.74086362374,Arkansas
2027-06-01,251485.01927670103,Arkansas
2027-07-01,255743.50609942834,Arkansas
2027-08-01,252898.72893913815,Arkansas
2027-09-01,255576.26323743723,Arkansas
2027-10-01,255621.14767150854,Arkansas
2027-11-01,254903.3269346874,Arkansas
2027-12-01,251237.76657293324,Arkansas
2028-01-01,250264.46044689298,Arkansas
2028-02-01,250256.70353169786,Arkansas
2028-03-01,253797.32217632822,Arkansas
2028-04-01,258726.2124086029,Arkansas
2028-05-01,260185.63687268135,Arkansas
2028-06-01,261281.60180597735,Arkansas
2028-07-01,266063.4644466134,Arkansas
2028-08-01,262948.9790062879,Arkansas
2028-09-01,264742.1144186719,Arkansas
2028-10-01,263867.48936936987,Arkansas
2028-11-01,262795.9988563882,Arkansas
2028-12-01,259572.17904232553,Arkansas
2029-01-01,259545.20920703746,Arkansas
2029-02-01,260368.62997534283,Arkansas
2029-03-01,264082.44573502586,Arkansas
2029-04-01,268415.1621017367,Arkansas
2029-05-01,268900.7003511566,Arkansas
2029-06-01,269282.4792969887,Arkansas
2029-07-01,274075.83748019254,Arkansas
2029-08-01,271689.0480778844,Arkansas
2029-09-01,274448.6222928825,Arkansas
2029-10-01,274147.0098746796,Arkansas
2029-11-01,272881.73737356276,Arkansas
2029-12-01,268826.0489396865,Arkansas
2030-01-01,267874.44135899196,Arkansas
2030-02-01,268284.9130980993,Arkansas
2030-03-01,272365.92223691987,Arkansas
2030-04-01,277603.9142155649,Arkansas
2030-05-01,278939.79625845107,Arkansas
2030-06-01,279561.47765610495,Arkansas
2030-07-01,283829.1888169395,Arkansas
2030-08-01,280496.7652944047,Arkansas
2030-09-01,282509.78420802765,Arkansas
2030-10-01,282147.99289892166,Arkansas
2030-11-01,281546.3793232437,Arkansas
2030-12-01,278442.5543346807,Arkansas
2031-01-01,278108.23585255083,Arkansas
2031-02-01,278398.96165939886,Arkansas
2031-03-01,281703.4380794118,Arkansas
2031-04-01,286017.31946658227,Arkansas
2031-05-01,286885.7751497984,Arkansas
2031-06-01,287800.91567887407,Arkansas
2031-07-01,292929.14531223354,Arkansas
2031-08-01,290460.4535464601,Arkansas
2031-09-01,292776.00180462265,Arkansas
2031-10-01,291959.37202865566,Arkansas
2031-11-01,290444.8223784924,Arkansas
2031-12-01,286567.7664502208,Arkansas
2032-01-01,286104.81211573124,Arkansas
2032-02-01,286993.80526093754,Arkansas
2032-03-01,291230.54083830595,Arkansas
2032-04-01,296200.5805391585,Arkansas
2032-05-01,297021.0751767769,Arkansas
2032-06-01,297217.38626776345,Arkansas
2032-07-01,301427.45889077295,Arkansas
2032-08-01,298441.794700293,Arkansas
2032-09-01,300978.2829458047,Arkansas
2032-10-01,300974.1295176734,Arkansas
2032-11-01,300331.0733042593,Arkansas
2032-12-01,296814.88888973574,Arkansas
2033-01-01,295967.7576994663,Arkansas
2033-02-01,295980.5884431429,Arkansas
2033-03-01,299423.0409572078,Arkansas
2033-04-01,304199.4803508539,Arkansas
2033-05-01,305551.93583671347,Arkansas
2033-06-01,306656.1892895613,Arkansas
2033-07-01,311555.869030758,Arkansas
2033-08-01,308591.4442651402,Arkansas
2033-09-01,310468.7390267021,Arkansas
2033-10-01,309557.5567658298,Arkansas
2033-11-01,308353.00843592273,Arkansas
2033-12-01,304986.83892482123,Arkansas
2034-01-01,304901.2713775725,Arkansas
2034-02-01,305787.9099185403,Arkansas
2034-03-01,309645.1186092916,Arkansas
2034-04-01,314107.48514413607,Arkansas
2034-05-01,314624.2479703832,Arkansas
2034-06-01,314918.68924279825,Arkansas
2034-07-01,319563.540190312,Arkansas
2034-08-01,317064.2822876591,Arkansas
2034-09-01,319820.82167247904,Arkansas
2034-10-01,319627.29424341465,Arkansas
2034-11-01,318510.2966904738,Arkansas
2034-12-01,314546.0735863693,Arkansas
2035-01-01,313569.50770465226,Arkansas
2035-02-01,313855.22249007743,Arkansas
2035-03-01,317793.4694844566,Arkansas
2035-04-01,322964.0311525064,Arkansas
2035-05-01,324351.6727441257,Arkansas
2035-06-01,325110.1577444758,Arkansas
2035-07-01,329510.0912358673,Arkansas
2035-08-01,326218.92029832455,Arkansas
2035-09-01,328155.5123409183,Arkansas
2035-10-01,327649.87531486363,Arkansas
2035-11-01,326931.1763550636,Arkansas
2035-12-01,323813.463338965,Arkansas
2036-01-01,323577.24929843174,Arkansas
2036-02-01,324013.6615933192,Arkansas
2036-03-01,327416.07834441407,Arkansas
2036-04-01,331716.28419761424,Arkansas
2036-05-01,332468.6876700963,Arkansas
2036-06-01,333241.5116404591,Arkansas
2036-07-01,338294.2286355287,Arkansas
2036-08-01,335865.99072992307,Arkansas
2036-09-01,338311.21000975755,Arkansas
2036-10-01,337628.4925635986,Arkansas
2036-11-01,336164.5798036039,Arkansas
2036-12-01,332222.02254559274,Arkansas
2037-01-01,331620.5457757401,Arkansas
2037-02-01,332388.7112539815,Arkansas
2037-03-01,336601.2209584519,Arkansas
2037-04-01,341659.204873662,Arkansas
2037-05-01,342622.0421258755,Arkansas
2037-06-01,342921.93259078363,Arkansas
2037-07-01,347129.24242029013,Arkansas
2037-08-01,344036.5671974416,Arkansas
2037-09-01,346432.0056059991,Arkansas
2037-10-01,346345.02516048594,Arkansas
2037-11-01,345731.3302068696,Arkansas
2037-12-01,342337.20472364273,Arkansas
2038-01-01,341624.8189712053,Arkansas
,0,Name
2018-01-01,497959.9526461672,California
2018-02-01,504575.25967594323,California
2018-03-01,524014.3430212093,California
2018-04-01,529232.8344061291,California
2018-05-01,529284.0045462708,California
2018-06-01,529097.2438817942,California
2018-07-01,529115.770591451,California
2018-08-01,529022.4106301265,California
2018-09-01,529053.2984691538,California
2018-10-01,529071.4799635217,California
2018-11-01,528070.375203313,California
2018-12-01,524059.2310243329,California
2019-01-01,527012.9017261466,California
2019-02-01,533622.4489252258,California
2019-03-01,553058.0390496984,California
2019-04-01,558273.5261175465,California
2019-05-01,558322.7758252963,California
2019-06-01,558134.437188668,California
2019-07-01,558151.9163050472,California
2019-08-01,558057.7232156149,California
2019-09-01,558088.0426652398,California
2019-10-01,558105.7825918227,California
2019-11-01,557104.3706040775,California
2019-12-01,553092.9917253889,California
2020-01-01,556046.496805451,California
2020-02-01,562655.9189998999,California
2020-03-01,582091.4200088193,California
2020-04-01,587306.8403970232,California
2020-05-01,587356.0422192088,California
2020-06-01,587167.6679756506,California
2020-07-01,587185.1213858388,California
2020-08-01,587090.9092672792,California
2020-09-01,587121.2149266708,California
2020-10-01,587138.9446778626,California
2020-11-01,586137.5252959208,California
2020-12-01,582126.1409739328,California
2021-01-01,585079.6420906999,California
2021-02-01,591689.0613724045,California
2021-03-01,611124.5602575353,California
2021-04-01,616339.9790867777,California
2021-05-01,616389.1797711087,California
2021-06-01,616200.804693033,California
2021-07-01,616218.2574936772,California
2021-08-01,616124.0449283479,California
2021-09-01,616154.35026124,California
2021-10-01,616172.0797732288,California
2021-11-01,615170.6602164111,California
2021-12-01,611159.2757663451,California
2022-01-01,614112.7767894517,California
2022-02-01,620722.1960025758,California
2022-03-01,640157.6948375455,California
2022-04-01,645373.1136300648,California
2022-05-01,645422.3142875319,California
2022-06-01,645233.9391897914,California
2022-07-01,645251.3919760489,California
2022-08-01,645157.1794001894,California
2022-09-01,645187.4847253769,California
2022-10-01,645205.2142317268,California
2022-11-01,644203.7946707831,California
2022-12-01,640192.4102176975,California
2023-01-01,643145.9112385944,California
2023-02-01,649755.3304501014,California
2023-03-01,669190.829283888,California
2023-04-01,674406.2480755412,California
2023-05-01,674455.4487323748,California
2023-06-01,674267.0736341707,California
2023-07-01,674284.526420089,California
2023-08-01,674190.313843981,California
2023-09-01,674220.6191689869,California
2023-10-01,674238.3486752037,California
2023-11-01,673236.9291141627,California
2023-12-01,669225.5446610058,California
2024-01-01,672179.0456818506,California
2024-02-01,678788.4648933195,California
2024-03-01,698223.963727078,California
2024-04-01,703439.382518711,California
2024-05-01,703488.5831755295,California
2024-06-01,703300.2080773143,California
2024-07-01,703317.6608632245,California
2024-08-01,703223.4482871108,California
2024-09-01,703253.7536121124,California
2024-10-01,703271.483118326,California
2024-11-01,702270.0635572827,California
2024-12-01,698258.6791041243,California
2025-01-01,701212.1801249677,California
2025-02-01,707821.5993364358,California
2025-03-01,727257.0981701936,California
2025-04-01,732472.516961826,California
2025-05-01,732521.7176186441,California
2025-06-01,732333.3425204288,California
2025-07-01,732350.7953063387,California
2025-08-01,732256.5827302248,California
2025-09-01,732286.8880552263,California
2025-10-01,732304.6175614399,California
2025-11-01,731303.1980003966,California
2025-12-01,727291.8135472379,California
2026-01-01,730245.3145680815,California
2026-02-01,736854.7337795494,California
2026-03-01,756290.2326133072,California
2026-04-01,761505.6514049396,California
2026-05-01,761554.8520617577,California
2026-06-01,761366.4769635423,California
2026-07-01,761383.9297494523,California
2026-08-01,761289.7171733384,California
2026-09-01,761320.0224983399,California
2026-10-01,761337.7520045534,California
2026-11-01,760336.3324435101,California
2026-12-01,756324.9479903515,California
2027-01-01,759278.449011195,California
2027-02-01,765887.868222663,California
2027-03-01,785323.3670564208,California
2027-04-01,790538.7858480532,California
2027-05-01,790587.9865048713,California
2027-06-01,790399.6114066559,California
2027-07-01,790417.0641925659,California
2027-08-01,790322.851616452,California
2027-09-01,790353.1569414535,California
2027-10-01,790370.886447667,California
2027-11-01,789369.4668866236,California
2027-12-01,785358.082433465,California
2028-01-01,788311.5834543086,California
2028-02-01,794921.0026657765,California
2028-03-01,814356.5014995344,California
2028-04-01,819571.9202911668,California
2028-05-01,819621.1209479849,California
2028-06-01,819432.7458497694,California
2028-07-01,819450.1986356794,California
2028-08-01,819355.9860595656,California
2028-09-01,819386.291384567,California
2028-10-01,819404.0208907806,California
2028-11-01,818402.6013297372,California
2028-12-01,814391.2168765786,California
2029-01-01,817344.7178974221,California
2029-02-01,823954.1371088901,California
2029-03-01,843389.6359426479,California
2029-04-01,848605.0547342803,California
2029-05-01,848654.2553910984,California
2029-06-01,848465.880292883,California
2029-07-01,848483.333078793,California
2029-08-01,848389.1205026791,California
2029-09-01,848419.4258276806,California
2029-10-01,848437.1553338942,California
2029-11-01,847435.7357728508,California
2029-12-01,843424.3513196922,California
2030-01-01,846377.8523405357,California
2030-02-01,852987.2715520037,California
2030-03-01,872422.7703857615,California
2030-04-01,877638.1891773939,California
2030-05-01,877687.389834212,California
2030-06-01,877499.0147359966,California
2030-07-01,877516.4675219066,California
2030-08-01,877422.2549457927,California
2030-09-01,877452.5602707942,California
2030-10-01,877470.2897770078,California
2030-11-01,876468.8702159644,California
2030-12-01,872457.4857628058,California
2031-01-01,875410.9867836493,California
2031-02-01,882020.4059951173,California
2031-03-01,901455.9048288751,California
2031-04-01,906671.3236205075,California
2031-05-01,906720.5242773256,California
2031-06-01,906532.1491791102,California
2031-07-01,906549.6019650202,California
2031-08-01,906455.3893889063,California
2031-09-01,906485.6947139078,California
2031-10-01,906503.4242201213,California
2031-11-01,905502.004659078,California
2031-12-01,901490.6202059194,California
2032-01-01,904444.1212267629,California
2032-02-01,911053.5404382308,California
2032-03-01,930489.0392719887,California
2032-04-01,935704.4580636211,California
2032-05-01,935753.6587204392,California
2032-06-01,935565.2836222238,California
2032-07-01,935582.7364081338,California
2032-08-01,935488.5238320199,California
2032-09-01,935518.8291570214,California
2032-10-01,935536.5586632349,California
2032-11-01,934535.1391021915,California
2032-12-01,930523.754649033,California
2033-01-01,933477.2556698765,California
2033-02-01,940086.6748813444,California
2033-03-01,959522.1737151023,California
2033-04-01,964737.5925067347,California
2033-05-01,964786.7931635528,California
2033-06-01,964598.4180653373,California
2033-07-01,964615.8708512473,California
2033-08-01,964521.6582751335,California
2033-09-01,964551.963600135,California
2033-10-01,964569.6931063485,California
2033-11-01,963568.2735453051,California
2033-12-01,959556.8890921465,California
2034-01-01,962510.39011299,California
2034-02-01,969119.809324458,California
2034-03-01,988555.3081582158,California
2034-04-01,993770.7269498482,California
2034-05-01,993819.9276066663,California
2034-06-01,993631.5525084509,California
2034-07-01,993649.0052943609,California
2034-08-01,993554.792718247,California
2034-09-01,993585.0980432485,California
2034-10-01,993602.8275494621,California
2034-11-01,992601.4079884187,California
2034-12-01,988590.0235352601,California
2035-01-01,991543.5245561036,California
2035-02-01,998152.9437675716,California
2035-03-01,1017588.4426013294,California
2035-04-01,1022803.8613929618,California
2035-05-01,1022853.0620497799,California
2035-06-01,1022664.6869515645,California
2035-07-01,1022682.1397374745,California
2035-08-01,1022587.9271613606,California
2035-09-01,1022618.2324863621,California
2035-10-01,1022635.9619925757,California
2035-11-01,1021634.5424315323,California
2035-12-01,1017623.1579783737,California
2036-01-01,1020576.6589992172,California
2036-02-01,1027186.0782106852,California
2036-03-01,1046621.577044443,California
2036-04-01,1051836.9958360754,California
2036-05-01,1051886.1964928936,California
2036-06-01,1051697.8213946782,California
2036-07-01,1051715.2741805883,California
2036-08-01,1051621.0616044744,California
2036-09-01,1051651.366929476,California
2036-10-01,1051669.0964356896,California
2036-11-01,1050667.6768746462,California
2036-12-01,1046656.2924214876,California
2037-01-01,1049609.7934423313,California
2037-02-01,1056219.2126537992,California
2037-03-01,1075654.711487557,California
2037-04-01,1080870.1302791894,California
2037-05-01,1080919.3309360077,California
2037-06-01,1080730.9558377923,California
2037-07-01,1080748.4086237024,California
2037-08-01,1080654.1960475885,California
2037-09-01,1080684.50137259,California
2037-10-01,1080702.2308788036,California
2037-11-01,1079700.8113177603,California
2037-12-01,1075689.4268646017,California
2038-01-01,1078642.9278854453,California
,0,Name
2018-01-01,408099.3468852002,Colorado
2018-02-01,414821.9986126833,Colorado
2018-03-01,419983.2935863678,Colorado
2018-04-01,429114.93139399524,Colorado
2018-05-01,429857.4099836561,Colorado
2018-06-01,429994.2512952055,Colorado
2018-07-01,436544.8361136852,Colorado
2018-08-01,433896.0485873017,Colorado
2018-09-01,438599.8746695384,Colorado
2018-10-01,437054.40363491484,Colorado
2018-11-01,430006.6481692729,Colorado
2018-12-01,435007.203876022,Colorado
2019-01-01,438113.09659776464,Colorado
2019-02-01,444831.4024695712,Colorado
2019-03-01,449992.35259832843,Colorado
2019-04-01,459126.2357618928,Colorado
2019-05-01,459867.47376592114,Colorado
2019-06-01,460004.04064268875,Colorado
2019-07-01,466555.37629461155,Colorado
2019-08-01,463906.24825415807,Colorado
2019-09-01,468609.9361660663,Colorado
2019-10-01,467064.71044964704,Colorado
2019-11-01,460016.8663866974,Colorado
2019-12-01,465017.36280491453,Colorado
2020-01-01,468123.3339243582,Colorado
2020-02-01,474841.61855157523,Colorado
2020-03-01,480002.545320347,Colorado
2020-04-01,489136.452990498,Colorado
2020-05-01,489877.6866083592,Colorado
2020-06-01,490014.244775419,Colorado
2020-07-01,496565.58791333146,Colorado
2020-08-01,493916.4592682921,Colorado
2020-09-01,498620.14406067616,Colorado
2020-10-01,497074.9205740547,Colorado
2020-11-01,490027.07657637104,Colorado
2020-12-01,495027.5719122374,Colorado
2021-01-01,498133.5436768556,Colorado
2021-02-01,504851.8284069194,Colorado
2021-03-01,510012.7548101074,Colorado
2021-04-01,519146.66266043275,Colorado
2021-05-01,519887.89633659495,Colorado
2021-06-01,520024.45438309497,Colorado
2021-07-01,526575.7975690331,Colorado
2021-08-01,523926.6689503307,Colorado
2021-09-01,528630.3537038395,Colorado
2021-10-01,527085.1302291834,Colorado
2021-11-01,520037.28624219005,Colorado
2021-12-01,525037.7815657934,Colorado
2022-01-01,528143.753333073,Colorado
2022-02-01,534862.038067204,Colorado
2022-03-01,540022.9644666098,Colorado
2022-04-01,549156.8723173962,Colorado
2022-05-01,549898.1059950372,Colorado
2022-06-01,550034.6640403988,Colorado
2022-07-01,556586.0072263569,Colorado
2022-08-01,553936.8786081739,Colorado
2022-09-01,558640.5633613492,Colorado
2022-10-01,557095.3398866585,Colorado
2022-11-01,550047.4958998427,Colorado
2022-12-01,555047.9912233514,Colorado
2023-01-01,558153.9629906074,Colorado
2023-02-01,564872.2477247972,Colorado
2023-03-01,570033.1741241774,Colorado
2023-04-01,579167.0819749524,Colorado
2023-05-01,579908.3156526126,Colorado
2023-06-01,580044.8736979675,Colorado
2023-07-01,586596.2168839207,Colorado
2023-08-01,583947.088265744,Colorado
2023-09-01,588650.7730189177,Colorado
2023-10-01,587105.5495442252,Colorado
2023-11-01,580057.7055574112,Colorado
2023-12-01,585058.2008809198,Colorado
2024-01-01,588164.1726481749,Colorado
2024-02-01,594882.4573823654,Colorado
2024-03-01,600043.3837817456,Colorado
2024-04-01,609177.2916325203,Colorado
2024-05-01,609918.5253101806,Colorado
2024-06-01,610055.0833555355,Colorado
2024-07-01,616606.4265414887,Colorado
2024-08-01,613957.2979233118,Colorado
2024-09-01,618660.9826764857,Colorado
2024-10-01,617115.7592017932,Colorado
2024-11-01,610067.9152149792,Colorado
2024-12-01,615068.4105384877,Colorado
2025-01-01,618174.3823057428,Colorado
2025-02-01,624892.6670399333,Colorado
2025-03-01,630053.5934393135,Colorado
2025-04-01,639187.5012900882,Colorado
2025-05-01,639928.7349677485,Colorado
2025-06-01,640065.2930131034,Colorado
2025-07-01,646616.6361990566,Colorado
2025-08-01,643967.5075808798,Colorado
2025-09-01,648671.1923340536,Colorado
2025-10-01,647125.968859361,Colorado
2025-11-01,640078.1248725471,Colorado
2025-12-01,645078.6201960556,Colorado
2026-01-01,648184.5919633107,Colorado
2026-02-01,654902.8766975012,Colorado
2026-03-01,660063.8030968814,Colorado
2026-04-01,669197.7109476561,Colorado
2026-05-01,669938.9446253164,Colorado
2026-06-01,670075.5026706713,Colorado
2026-07-01,676626.8458566245,Colorado
2026-08-01,673977.7172384477,Colorado
2026-09-01,678681.4019916215,Colorado
2026-10-01,677136.1785169289,Colorado
2026-11-01,670088.334530115,Colorado
2026-12-01,675088.8298536235,Colorado
2027-01-01,678194.8016208786,Colorado
2027-02-01,684913.0863550691,Colorado
2027-03-01,690074.0127544493,Colorado
2027-04-01,699207.920605224,Colorado
2027-05-01,699949.1542828843,Colorado
2027-06-01,700085.7123282392,Colorado
2027-07-01,706637.0555141924,Colorado
2027-08-01,703987.9268960156,Colorado
2027-09-01,708691.6116491894,Colorado
2027-10-01,707146.3881744968,Colorado
2027-11-01,700098.5441876829,Colorado
2027-12-01,705099.0395111914,Colorado
2028-01-01,708205.0112784465,Colorado
2028-02-01,714923.296012637,Colorado
2028-03-01,720084.2224120172,Colorado
2028-04-01,729218.1302627919,Colorado
2028-05-01,729959.3639404522,Colorado
2028-06-01,730095.9219858071,Colorado
2028-07-01,736647.2651717603,Colorado
2028-08-01,733998.1365535836,Colorado
2028-09-01,738701.8213067573,Colorado
2028-10-01,737156.5978320647,Colorado
2028-11-01,730108.7538452508,Colorado
2028-12-01,735109.2491687593,Colorado
2029-01-01,738215.2209360144,Colorado
2029-02-01,744933.5056702049,Colorado
2029-03-01,750094.4320695851,Colorado
2029-04-01,759228.3399203598,Colorado
2029-05-01,759969.5735980201,Colorado
2029-06-01,760106.131643375,Colorado
2029-07-01,766657.4748293282,Colorado
2029-08-01,764008.3462111515,Colorado
2029-09-01,768712.0309643252,Colorado
2029-10-01,767166.8074896326,Colorado
2029-11-01,760118.9635028187,Colorado
2029-12-01,765119.4588263272,Colorado
2030-01-01,768225.4305935823,Colorado
2030-02-01,774943.7153277728,Colorado
2030-03-01,780104.641727153,Colorado
2030-04-01,789238.5495779277,Colorado
2030-05-01,789979.783255588,Colorado
2030-06-01,790116.3413009429,Colorado
2030-07-01,796667.6844868961,Colorado
2030-08-01,794018.5558687194,Colorado
2030-09-01,798722.2406218931,Colorado
2030-10-01,797177.0171472005,Colorado
2030-11-01,790129.1731603866,Colorado
2030-12-01,795129.6684838951,Colorado
2031-01-01,798235.6402511502,Colorado
2031-02-01,804953.9249853407,Colorado
2031-03-01,810114.8513847209,Colorado
2031-04-01,819248.7592354956,Colorado
2031-05-01,819989.9929131559,Colorado
2031-06-01,820126.5509585108,Colorado
2031-07-01,826677.894144464,Colorado
2031-08-01,824028.7655262873,Colorado
2031-09-01,828732.450279461,Colorado
2031-10-01,827187.2268047684,Colorado
2031-11-01,820139.3828179545,Colorado
2031-12-01,825139.878141463,Colorado
2032-01-01,828245.8499087181,Colorado
2032-02-01,834964.1346429086,Colorado
2032-03-01,840125.0610422888,Colorado
2032-04-01,849258.9688930635,Colorado
2032-05-01,850000.2025707238,Colorado
2032-06-01,850136.7606160787,Colorado
2032-07-01,856688.103802032,Colorado
2032-08-01,854038.9751838552,Colorado
2032-09-01,858742.6599370289,Colorado
2032-10-01,857197.4364623363,Colorado
2032-11-01,850149.5924755224,Colorado
2032-12-01,855150.0877990309,Colorado
2033-01-01,858256.059566286,Colorado
2033-02-01,864974.3443004765,Colorado
2033-03-01,870135.2706998567,Colorado
2033-04-01,879269.1785506314,Colorado
2033-05-01,880010.4122282917,Colorado
2033-06-01,880146.9702736466,Colorado
2033-07-01,886698.3134595999,Colorado
2033-08-01,884049.1848414231,Colorado
2033-09-01,888752.8695945968,Colorado
2033-10-01,887207.6461199042,Colorado
2033-11-01,880159.8021330903,Colorado
2033-12-01,885160.2974565988,Colorado
2034-01-01,888266.269223854,Colorado
2034-02-01,894984.5539580444,Colorado
2034-03-01,900145.4803574246,Colorado
2034-04-01,909279.3882081993,Colorado
2034-05-01,910020.6218858596,Colorado
2034-06-01,910157.1799312145,Colorado
2034-07-01,916708.5231171678,Colorado
2034-08-01,914059.394498991,Colorado
2034-09-01,918763.0792521647,Colorado
2034-10-01,917217.8557774721,Colorado
2034-11-01,910170.0117906582,Colorado
2034-12-01,915170.5071141667,Colorado
2035-01-01,918276.4788814218,Colorado
2035-02-01,924994.7636156123,Colorado
2035-03-01,930155.6900149925,Colorado
2035-04-01,939289.5978657672,Colorado
2035-05-01,940030.8315434275,Colorado
2035-06-01,940167.3895887824,Colorado
2035-07-01,946718.7327747357,Colorado
2035-08-01,944069.6041565589,Colorado
2035-09-01,948773.2889097326,Colorado
2035-10-01,947228.06543504,Colorado
2035-11-01,940180.2214482261,Colorado
2035-12-01,945180.7167717346,Colorado
2036-01-01,948286.6885389898,Colorado
2036-02-01,955004.9732731802,Colorado
2036-03-01,960165.8996725604,Colorado
2036-04-01,969299.8075233351,Colorado
2036-05-01,970041.0412009954,Colorado
2036-06-01,970177.5992463503,Colorado
2036-07-01,976728.9424323036,Colorado
2036-08-01,974079.8138141268,Colorado
2036-09-01,978783.4985673005,Colorado
2036-10-01,977238.275092608,Colorado
2036-11-01,970190.431105794,Colorado
2036-12-01,975190.9264293025,Colorado
2037-01-01,978296.8981965577,Colorado
2037-02-01,985015.1829307481,Colorado
2037-03-01,990176.1093301283,Colorado
2037-04-01,999310.017180903,Colorado
2037-05-01,1000051.2508585633,Colorado
2037-06-01,1000187.8089039183,Colorado
2037-07-01,1006739.1520898715,Colorado
2037-08-01,1004090.0234716947,Colorado
2037-09-01,1008793.7082248684,Colorado
2037-10-01,1007248.4847501758,Colorado
2037-11-01,1000200.6407633619,Colorado
2037-12-01,1005201.1360868705,Colorado
2038-01-01,1008307.1078541256,Colorado
